%sach,
%sau,
%sbach,
%sbad
%sbaden
%sbau
%sbeck,
%sberg,
%sborn,
%sbrecht,
%sbronn,
%sbruch,
%sbrück,
%sbrunn,
%sburg,
%sdorf,
%sdorn,
%seck,
%segg,
%sende,
%sfeld,
%sford,
%sforst,
%sfurt,
%sfurth,
%sgarten,
%sgraben,
%sgrube,
%shafen,
%shagen,
%shain,
%shall,
%shalle,
%shaus,
%shausen,
%sheid,
%sheide,
%sheim,
%shof,
%shofen,
%shorn,
%shoven,
%shütte,
%shütten,
%shöfen,
%skammer,
%skirch,
%skirchen,
%sleben,
%sling,
%slingen,
%slitz,
%smach,
%smark,
%smarkt,
%smoor,
%smoos,
%smühl,
%smühle,
%smünde,
%smünden,
%snach,
%srad,
%sraden,
%srat,
%srath,
%sreuth,
%srod
%sroden,
%sroth,
%sruh,
%ssand,
%sschatz,
%sscheid,
%sscheidt,
%ssee,
%sseifen,
%ssiefen,
%ssitz,
%sstadt,
%sstätten,
%sstedt,
%sstedten,
%sstein,
%sstetten,
%stabl,
%stal,
%sthal,
%sthurm,
%storf,
%sturm,
%swald,
%swalde,
%sweid,
%sweil,
%sweiler,
%swerth,
%swied,
%swiese,
%switz,
,Adler
,Alt
,Alten
,Angel
,Aschen
,Auen
,Back
,Baum
,Beck
,Bed
,Berg
,Betz
,Birken
,Bischof
,Blitz
,Brau
,Breit
,Breiten
,Brunnen
,Doben
,Donner
,Dorn
,Drachen
,Dröden
,Dunkel
,Eber
,Ebers
,Edel
,Eiben
,Elben
,Engels
,Eschen
,Fallers
,Fessel
,Fiwels
,Flecken
,Fleckers
,Flohn
,Frei
,Freuden
,Frey
,Freyen
,Freyes
,Froh
,Fuchs
,Grafen
,Groß
,Großen
,Güthers
,Hahn
,Hamen
,Hammel
,Hansen
,Harten
,Hasen
,Heil
,Heilig
,Heiligen
,Heuer
,Hexen
,Hiewel
,Hiewels
,Hinter
,Hirsch
,Hoch
,Hohl
,Holz
,Horn
,Hos
,Hunhs
,Höllen
,Jung
,Junkers
,Kaiser
,Kerl
,Kirch
,Kirchen
,Kloster
,Königs
,Kohl
,Kotten
,Kran
,Kranen
,Kron
,Kronen
,Laden
,Lang
,Langen
,Lein
,Linden
,Lust
,Lusten
,Mann
,Mark
,Markt
,Marsch
,Mauer
,Mitt
,Mittel
,Mitten
,Mors
,Mühl
,Mühlen
,Nebel
,Neu
,Nickel
,Nickels
,Nord
,Ober
,Ost
,Oster
,Over
,Pech
,Pfaffen
,Pul
,Raben
,Regen
,Regens
,Rosen
,Ruchen
,Rüssel
,Rüssels
,Scheider
,Scheuer
,Schild
,Schilder
,Schloss
,Schmal
,Schmalen
,Schrot
,Schützen
,Schul
,Schutz
,Schwan
,Schwarz
,Schwarzen
,Schwein
,Schön
,Sieg
,Sonnen
,Spitz
,Spitzen
,Sputen
,Stein
,Still
,Streit
,Süd
,Tann
,Tannen
,Tapfer
,Tief
,Tiefen
,Trassels
,Under
,Unter
,Über
,Vatten
,Vieh
,Volkes
,Währ
,Wage
,Wages
,Wasser
,Wehr
,Wein
,Weit
,West
,Wester
,Wiesen
,Wind
,Wolf
,Wolfs
,Wolken
,Wunder
,Zunder
